INSERT INTO usuarios (id, nombre, correo, contrasena, verificado) VALUES ('5ee995c0-e978-4bdf-b5bd-a83d36bc1603', 'Enzo Meneghini', 'enzo.meneghini@hotmail.com', '$2a$10$QSrSh52xC33kjRchFl1cAOFZkYzZ3EjuhZ3uYtthG7prYYsnrSTwC', true);

INSERT INTO `cursos` (`carrera`, `codigo_asistencia`, `descripcion`, `id`, `nombre`, `usuario_id`) VALUES ('carrera1', 'codigo1', 'curso1', '83b4069c-9386-4aea-b1cd-072a73a029ea', 'Test 1', '5ee995c0-e978-4bdf-b5bd-a83d36bc1603');

INSERT INTO `horarios` (`entrada`, `salida`, `curso_id`, `id`, `dia`) VALUES ('00:00:00.000000', '10:00:00.000000', '83b4069c-9386-4aea-b1cd-072a73a029ea', '14c9080e-8554-4864-8887-f521957364b9', 'SUNDAY');



INSERT INTO `estudiantes` (`id`, `lu`, `nombre`,`curso_id`) VALUES ('d6ae90a2-beaf-4312-a2b2-27b44a9eccd5', 'APU4073', 'Zimmerman Victor','83b4069c-9386-4aea-b1cd-072a73a029ea'),('d6ae90a2-beaf-4312-a2b2-27b44a9eccd6', 'APU4074', 'Lowe Douglas','83b4069c-9386-4aea-b1cd-072a73a029ea'), ('d6ae90a2-beaf-4312-a2b2-27b44a9eccd7', 'APU4075', 'Kelley Roy','83b4069c-9386-4aea-b1cd-072a73a029ea'), ('d6ae90a2-beaf-4312-a2b2-27b44a9eccd8', 'APU4076', 'Foster Christina','83b4069c-9386-4aea-b1cd-072a73a029ea'), ('d6ae90a2-beaf-4312-a2b2-27b44a9eccd9', 'APU4077', 'Edwards Gregory','83b4069c-9386-4aea-b1cd-072a73a029ea'), ('d6ae90a2-beaf-4312-a2b2-27b44a9eccda', 'APU4078', 'Doyle David','83b4069c-9386-4aea-b1cd-072a73a029ea'), ('d6ae90a2-beaf-4312-a2b2-27b44a9eccdb', 'APU4079', 'Greene Terrence','83b4069c-9386-4aea-b1cd-072a73a029ea'), ('d6ae90a2-beaf-4312-a2b2-27b44a9eccdc', 'APU4080', 'Gonzalez Kelly','83b4069c-9386-4aea-b1cd-072a73a029ea'), ('d6ae90a2-beaf-4312-a2b2-27b44a9eccdd', 'APU4081', 'Shelton Michael','83b4069c-9386-4aea-b1cd-072a73a029ea'), ('d6ae90a2-beaf-4312-a2b2-27b44a9eccde', 'APU4082', 'Mclaughlin Gerald','83b4069c-9386-4aea-b1cd-072a73a029ea'), ('d6ae90a2-beaf-4312-a2b2-27b44a9eccdf', 'APU4083', 'Cook Kayla','83b4069c-9386-4aea-b1cd-072a73a029ea'), ('d6ae90a2-beaf-4312-a2b2-27b44a9ecce0', 'APU4084', 'Perkins Timothy','83b4069c-9386-4aea-b1cd-072a73a029ea'), ('d6ae90a2-beaf-4312-a2b2-27b44a9ecce1', 'APU4085', 'Day Michael','83b4069c-9386-4aea-b1cd-072a73a029ea'), ('d6ae90a2-beaf-4312-a2b2-27b44a9ecce2', 'APU4086', 'Murray Katelyn','83b4069c-9386-4aea-b1cd-072a73a029ea'), ('d6ae90a2-beaf-4312-a2b2-27b44a9ecce3', 'APU4087', 'Johnson Tonya','83b4069c-9386-4aea-b1cd-072a73a029ea'), ('d6ae90a2-beaf-4312-a2b2-27b44a9ecce4', 'APU4088', 'Cobb Ashley','83b4069c-9386-4aea-b1cd-072a73a029ea'), ('d6ae90a2-beaf-4312-a2b2-27b44a9ecce5', 'APU4089', 'Luna Kristin','83b4069c-9386-4aea-b1cd-072a73a029ea'), ('d6ae90a2-beaf-4312-a2b2-27b44a9ecce6', 'APU4090', 'Brown Tonya','83b4069c-9386-4aea-b1cd-072a73a029ea'), ('d6ae90a2-beaf-4312-a2b2-27b44a9ecce7', 'APU4091', 'Manes Carlos','83b4069c-9386-4aea-b1cd-072a73a029ea'), ('d6ae90a2-beaf-4312-a2b2-27b44a9ecce8', 'APU4092', 'Luna Lucas','83b4069c-9386-4aea-b1cd-072a73a029ea')


INSERT INTO `asistencias` (`fecha`, `curso_id`, `estudiante_id`, `horario_id`, `id`) VALUES ('2024-03-17 08:16:00.043490', '83b4069c-9386-4aea-b1cd-072a73a029ea', 'd6ae90a2-beaf-4312-a2b2-27b44a9eccd5', '14c9080e-8554-4864-8887-f521957364b9', 'cedb90a4-56b3-4a8e-82cc-274e8f9df57c'),('2024-03-17 08:16:00.043490', '83b4069c-9386-4aea-b1cd-072a73a029ea', 'd6ae90a2-beaf-4312-a2b2-27b44a9eccd6', '14c9080e-8554-4864-8887-f521957364b9', 'cedb90a4-56b3-4a8e-82cc-274e8f9df57d'),('2024-03-17 08:16:00.043490', '83b4069c-9386-4aea-b1cd-072a73a029ea', 'd6ae90a2-beaf-4312-a2b2-27b44a9eccd7', '14c9080e-8554-4864-8887-f521957364b9', 'cedb90a4-56b3-4a8e-82cc-274e8f9df57e'),('2024-03-17 08:16:00.043490', '83b4069c-9386-4aea-b1cd-072a73a029ea', 'd6ae90a2-beaf-4312-a2b2-27b44a9eccd8', '14c9080e-8554-4864-8887-f521957364b9', 'cedb90a4-56b3-4a8e-82cc-274e8f9df57f'),('2024-03-17 08:16:00.043490', '83b4069c-9386-4aea-b1cd-072a73a029ea', 'd6ae90a2-beaf-4312-a2b2-27b44a9eccd9', '14c9080e-8554-4864-8887-f521957364b9', 'cedb90a4-56b3-4a8e-82cc-274e8f9df57g');
INSERT INTO `asistencias` (`fecha`, `curso_id`, `estudiante_id`, `horario_id`, `id`) VALUES ('2024-03-03 08:16:00.043490', '83b4069c-9386-4aea-b1cd-072a73a029ea', 'd6ae90a2-beaf-4312-a2b2-27b44a9eccda', '14c9080e-8554-4864-8887-f521957364b9', UUID()),('2024-03-17 08:16:00.043490', '83b4069c-9386-4aea-b1cd-072a73a029ea', 'd6ae90a2-beaf-4312-a2b2-27b44a9eccdb', '14c9080e-8554-4864-8887-f521957364b9', UUID()),('2024-03-17 08:16:00.043490', '83b4069c-9386-4aea-b1cd-072a73a029ea', 'd6ae90a2-beaf-4312-a2b2-27b44a9eccdc', '14c9080e-8554-4864-8887-f521957364b9', UUID()),('2024-03-03 08:16:00.043490', '83b4069c-9386-4aea-b1cd-072a73a029ea', 'd6ae90a2-beaf-4312-a2b2-27b44a9eccdd', '14c9080e-8554-4864-8887-f521957364b9', UUID()),('2024-03-17 08:16:00.043490', '83b4069c-9386-4aea-b1cd-072a73a029ea', 'd6ae90a2-beaf-4312-a2b2-27b44a9eccde', '14c9080e-8554-4864-8887-f521957364b9', UUID()),('2024-03-17 08:16:00.043490', '83b4069c-9386-4aea-b1cd-072a73a029ea', 'd6ae90a2-beaf-4312-a2b2-27b44a9eccdf', '14c9080e-8554-4864-8887-f521957364b9', UUID()),('2024-03-17 08:16:00.043490', '83b4069c-9386-4aea-b1cd-072a73a029ea', 'd6ae90a2-beaf-4312-a2b2-27b44a9ecce0', '14c9080e-8554-4864-8887-f521957364b9', UUID()),('2024-03-17 08:16:00.043490', '83b4069c-9386-4aea-b1cd-072a73a029ea', 'd6ae90a2-beaf-4312-a2b2-27b44a9ecce1', '14c9080e-8554-4864-8887-f521957364b9', UUID()),('2024-03-10 08:16:00.043490', '83b4069c-9386-4aea-b1cd-072a73a029ea', 'd6ae90a2-beaf-4312-a2b2-27b44a9ecce2', '14c9080e-8554-4864-8887-f521957364b9', UUID()),('2024-03-10 08:16:00.043490', '83b4069c-9386-4aea-b1cd-072a73a029ea', 'd6ae90a2-beaf-4312-a2b2-27b44a9ecce3', '14c9080e-8554-4864-8887-f521957364b9', UUID()),('2024-03-10 08:16:00.043490', '83b4069c-9386-4aea-b1cd-072a73a029ea', 'd6ae90a2-beaf-4312-a2b2-27b44a9ecce4', '14c9080e-8554-4864-8887-f521957364b9', UUID()),('2024-03-10 08:16:00.043490', '83b4069c-9386-4aea-b1cd-072a73a029ea', 'd6ae90a2-beaf-4312-a2b2-27b44a9ecce5', '14c9080e-8554-4864-8887-f521957364b9', UUID()),('2024-03-10 08:16:00.043490', '83b4069c-9386-4aea-b1cd-072a73a029ea', 'd6ae90a2-beaf-4312-a2b2-27b44a9ecce6', '14c9080e-8554-4864-8887-f521957364b9', UUID()),('2024-03-10 08:16:00.043490', '83b4069c-9386-4aea-b1cd-072a73a029ea', 'd6ae90a2-beaf-4312-a2b2-27b44a9ecce7', '14c9080e-8554-4864-8887-f521957364b9', UUID()),('2024-03-10 08:16:00.043490', '83b4069c-9386-4aea-b1cd-072a73a029ea', 'd6ae90a2-beaf-4312-a2b2-27b44a9ecce8', '14c9080e-8554-4864-8887-f521957364b9', UUID()),('2024-03-10 08:16:00.043490', '83b4069c-9386-4aea-b1cd-072a73a029ea', 'd6ae90a2-beaf-4312-a2b2-27b44a9eccd5', '14c9080e-8554-4864-8887-f521957364b9', UUID()),('2024-03-10 08:16:00.043490', '83b4069c-9386-4aea-b1cd-072a73a029ea', 'd6ae90a2-beaf-4312-a2b2-27b44a9eccd6', '14c9080e-8554-4864-8887-f521957364b9', UUID()),('2024-03-10 08:16:00.043490', '83b4069c-9386-4aea-b1cd-072a73a029ea', 'd6ae90a2-beaf-4312-a2b2-27b44a9eccd7', '14c9080e-8554-4864-8887-f521957364b9', UUID()),('2024-03-10 08:16:00.043490', '83b4069c-9386-4aea-b1cd-072a73a029ea', 'd6ae90a2-beaf-4312-a2b2-27b44a9eccd8', '14c9080e-8554-4864-8887-f521957364b9', UUID()),('2024-03-03 08:16:00.043490', '83b4069c-9386-4aea-b1cd-072a73a029ea', 'd6ae90a2-beaf-4312-a2b2-27b44a9eccd9', '14c9080e-8554-4864-8887-f521957364b9', UUID());
INSERT INTO `asistencias` (`fecha`, `curso_id`, `estudiante_id`, `horario_id`, `id`) VALUES ('2024-03-03 08:16:00.043490','83b4069c-9386-4aea-b1cd-072a73a029ea','d6ae90a2-beaf-4312-a2b2-27b44a9ecce3','14c9080e-8554-4864-8887-f521957364b9', UUID()),('2024-03-03 08:16:00.043490','83b4069c-9386-4aea-b1cd-072a73a029ea','d6ae90a2-beaf-4312-a2b2-27b44a9eccd6','14c9080e-8554-4864-8887-f521957364b9', UUID());


INSERT INTO `cursos` (`carrera`, `codigo_asistencia`, `descripcion`, `id`, `nombre`, `usuario_id`) VALUES ('carrera1', 'codigo2', 'curso1', '0da26125-a22a-4555-a059-1fb50066858c', 'Test 2', '5ee995c0-e978-4bdf-b5bd-a83d36bc1603');
INSERT INTO `horarios` (`entrada`, `salida`, `curso_id`,  `id`, `dia`) VALUES ('00:00:00.000000', '11:30:00.000000', '0da26125-a22a-4555-a059-1fb50066858c',  'be4e2800-c644-40d3-886b-ccbbc1d89a07', 'WEDNESDAY');
INSERT INTO `asistencias` (`fecha`, `curso_id`, `estudiante_id`, `horario_id`, `id`) VALUES ('2024-03-13 03:00:00.000000', '0da26125-a22a-4555-a059-1fb50066858c', 'd6ae90a2-beaf-4312-a2b2-27b44a9eccd5', 'be4e2800-c644-40d3-886b-ccbbc1d89a07', 'cedb90a4-56b3-4a8e-82cc-284e8f9df57e'), ('2024-03-20 10:30:00.000000', '0da26125-a22a-4555-a059-1fb50066858c', 'd6ae90a2-beaf-4312-a2b2-27b44a9eccd5', 'be4e2800-c644-40d3-886b-ccbbc1d89a07', 'cedb90a4-57b3-4a8e-82cc-274e8f9df57d')
